timeStamp,elapsed,label,responseCode,responseMessage,threadName,dataType,success,failureMessage,bytes,sentBytes,grpThreads,allThreads,URL,Latency,IdleTime,Connect
1648311193589,168,get_method,200,OK,number_users_50 1-2,text,true,,160,150,3,3,http://162.55.220.72:5005/get_method?name=Maru&age=30,162,0,92
1648311193589,168,get_method,200,OK,number_users_50 1-1,text,true,,160,150,3,3,http://162.55.220.72:5005/get_method?name=Maru&age=30,162,0,92
1648311193650,140,get_method,200,OK,number_users_50 1-3,text,true,,160,150,4,4,http://162.55.220.72:5005/get_method?name=Maru&age=30,140,0,69
1648311193761,128,user_info_2,200,OK,number_users_50 1-1,text,true,,389,765,5,5,http://162.55.220.72:5005/user_info_2,128,0,69
1648311193789,116,get_method,200,OK,number_users_50 1-4,text,true,,160,150,5,5,http://162.55.220.72:5005/get_method?name=Maru&age=30,115,0,58
1648311193761,146,user_info_2,200,OK,number_users_50 1-2,text,true,,389,780,5,5,http://162.55.220.72:5005/user_info_2,146,0,78
1648311193790,144,user_info_2,200,OK,number_users_50 1-3,text,true,,389,770,5,5,http://162.55.220.72:5005/user_info_2,144,0,71
1648311193881,125,get_method,200,OK,number_users_50 1-5,text,true,,160,150,6,6,http://162.55.220.72:5005/get_method?name=Maru&age=30,125,0,61
1648311193889,126,user_info_3,200,OK,number_users_50 1-1,text,true,,263,795,6,6,http://162.55.220.72:5005/user_info_3,126,0,61
1648311193908,115,user_info_3,200,OK,number_users_50 1-2,text,true,,263,790,6,6,http://162.55.220.72:5005/user_info_3,115,0,56
1648311193905,143,user_info_2,200,OK,number_users_50 1-4,text,true,,389,765,6,6,http://162.55.220.72:5005/user_info_2,142,0,70
1648311193934,131,user_info_3,200,OK,number_users_50 1-3,text,true,,263,810,7,7,http://162.55.220.72:5005/user_info_3,131,0,62
1648311193951,127,get_method,200,OK,number_users_50 1-6,text,true,,160,150,7,7,http://162.55.220.72:5005/get_method?name=Maru&age=30,127,0,62
1648311194006,115,user_info_2,200,OK,number_users_50 1-5,text,true,,389,765,7,7,http://162.55.220.72:5005/user_info_2,115,0,56
1648311194024,129,object_info_1,200,OK,number_users_50 1-2,text,true,,209,164,8,8,http://162.55.220.72:5005/object_info_1?name=Maru&age=30&weight=120,128,0,64
1648311194016,140,object_info_1,200,OK,number_users_50 1-1,text,true,,209,164,8,8,http://162.55.220.72:5005/object_info_1?name=Maru&age=30&weight=120,139,0,68
1648311194048,120,user_info_3,200,OK,number_users_50 1-4,text,true,,263,775,8,8,http://162.55.220.72:5005/user_info_3,120,0,56
1648311194050,118,get_method,200,OK,number_users_50 1-7,text,true,,160,150,8,8,http://162.55.220.72:5005/get_method?name=Maru&age=30,118,0,55
1648311194079,119,user_info_2,200,OK,number_users_50 1-6,text,true,,389,810,8,8,http://162.55.220.72:5005/user_info_2,118,0,55
1648311194065,140,object_info_1,200,OK,number_users_50 1-3,text,true,,209,164,8,8,http://162.55.220.72:5005/object_info_1?name=Maru&age=30&weight=120,140,0,69
1648311194122,119,user_info_3,200,OK,number_users_50 1-5,text,true,,263,800,8,8,http://162.55.220.72:5005/user_info_3,119,0,58
1648311194153,114,object_info_2,200,OK,number_users_50 1-2,text,true,,389,166,9,9,http://162.55.220.72:5005/object_info_2?name=Maru&age=30&salary=10000,113,0,55
1648311194156,115,object_info_2,200,OK,number_users_50 1-1,text,true,,389,166,9,9,http://162.55.220.72:5005/object_info_2?name=Maru&age=30&salary=10000,115,0,55
1648311194147,129,get_method,200,OK,number_users_50 1-8,text,true,,160,150,9,9,http://162.55.220.72:5005/get_method?name=Maru&age=30,129,0,61
1648311194168,115,object_info_1,200,OK,number_users_50 1-4,text,true,,209,164,9,9,http://162.55.220.72:5005/object_info_1?name=Maru&age=30&weight=120,115,0,57
1648311194168,126,user_info_2,200,OK,number_users_50 1-7,text,true,,389,775,9,9,http://162.55.220.72:5005/user_info_2,126,0,62
1648311194198,114,user_info_3,200,OK,number_users_50 1-6,text,true,,263,800,9,9,http://162.55.220.72:5005/user_info_3,114,0,55
1648311194205,112,object_info_2,200,OK,number_users_50 1-3,text,true,,389,166,9,9,http://162.55.220.72:5005/object_info_2?name=Maru&age=30&salary=10000,112,0,55
1648311194241,113,object_info_1,200,OK,number_users_50 1-5,text,true,,209,164,10,10,http://162.55.220.72:5005/object_info_1?name=Maru&age=30&weight=120,112,0,55
1648311194248,112,get_method,200,OK,number_users_50 1-9,text,true,,160,150,10,10,http://162.55.220.72:5005/get_method?name=Maru&age=30,112,0,55
1648311194267,113,object_info_3,200,OK,number_users_50 1-2,text,true,,333,166,10,10,http://162.55.220.72:5005/object_info_3?name=Maru&age=30&salary=10000,113,0,55
1648311194276,117,user_info_2,200,OK,number_users_50 1-8,text,true,,389,785,10,10,http://162.55.220.72:5005/user_info_2,117,0,56
1648311194283,129,object_info_2,200,OK,number_users_50 1-4,text,true,,389,166,10,10,http://162.55.220.72:5005/object_info_2?name=Maru&age=30&salary=10000,129,0,63
1648311194271,141,object_info_3,200,OK,number_users_50 1-1,text,true,,333,166,10,10,http://162.55.220.72:5005/object_info_3?name=Maru&age=30&salary=10000,141,0,69
1648311194295,131,user_info_3,200,OK,number_users_50 1-7,text,true,,263,780,10,10,http://162.55.220.72:5005/user_info_3,131,0,64
1648311194317,132,object_info_3,200,OK,number_users_50 1-3,text,true,,333,166,11,11,http://162.55.220.72:5005/object_info_3?name=Maru&age=30&salary=10000,132,0,63
1648311194312,141,object_info_1,200,OK,number_users_50 1-6,text,true,,209,164,11,11,http://162.55.220.72:5005/object_info_1?name=Maru&age=30&weight=120,141,0,69
1648311194347,112,get_method,200,OK,number_users_50 1-10,text,true,,160,150,11,11,http://162.55.220.72:5005/get_method?name=Maru&age=30,112,0,55
1648311194354,116,object_info_2,200,OK,number_users_50 1-5,text,true,,389,166,11,11,http://162.55.220.72:5005/object_info_2?name=Maru&age=30&salary=10000,116,0,56
1648311194361,129,user_info_2,200,OK,number_users_50 1-9,text,true,,389,800,11,11,http://162.55.220.72:5005/user_info_2,129,0,60
1648311194381,116,object_info_4,200,OK,number_users_50 1-2,text,true,,204,166,11,11,http://162.55.220.72:5005/object_info_4?name=Maru&age=30&salary=10000,116,0,58
1648311194393,119,user_info_3,200,OK,number_users_50 1-8,text,true,,263,790,10,10,http://162.55.220.72:5005/user_info_3,119,0,55
1648311194413,112,object_info_3,200,OK,number_users_50 1-4,text,true,,333,166,10,10,http://162.55.220.72:5005/object_info_3?name=Maru&age=30&salary=10000,112,0,55
1648311194413,123,object_info_4,200,OK,number_users_50 1-1,text,true,,204,166,10,10,http://162.55.220.72:5005/object_info_4?name=Maru&age=30&salary=10000,123,0,61
1648311194427,128,object_info_1,200,OK,number_users_50 1-7,text,true,,209,164,10,10,http://162.55.220.72:5005/object_info_1?name=Maru&age=30&weight=120,128,0,63
1648311194447,112,get_method,200,OK,number_users_50 1-11,text,true,,160,150,10,10,http://162.55.220.72:5005/get_method?name=Maru&age=30,112,0,54
1648311194454,111,object_info_2,200,OK,number_users_50 1-6,text,true,,389,166,10,10,http://162.55.220.72:5005/object_info_2?name=Maru&age=30&salary=10000,111,0,55
1648311194460,114,user_info_2,200,OK,number_users_50 1-10,text,true,,389,785,10,10,http://162.55.220.72:5005/user_info_2,114,0,55
1648311194470,111,object_info_3,200,OK,number_users_50 1-5,text,true,,333,166,10,10,http://162.55.220.72:5005/object_info_3?name=Maru&age=30&salary=10000,111,0,55
1648311194449,143,object_info_4,200,OK,number_users_50 1-3,text,true,,204,166,10,10,http://162.55.220.72:5005/object_info_4?name=Maru&age=30&salary=10000,143,0,73
1648311194512,113,object_info_1,200,OK,number_users_50 1-8,text,true,,209,164,9,9,http://162.55.220.72:5005/object_info_1?name=Maru&age=30&weight=120,112,0,55
1648311194490,144,user_info_3,200,OK,number_users_50 1-9,text,true,,263,795,9,9,http://162.55.220.72:5005/user_info_3,144,0,69
1648311194526,114,object_info_4,200,OK,number_users_50 1-4,text,true,,204,166,9,9,http://162.55.220.72:5005/object_info_4?name=Maru&age=30&salary=10000,114,0,55
1648311194547,114,get_method,200,OK,number_users_50 1-12,text,true,,160,150,9,9,http://162.55.220.72:5005/get_method?name=Maru&age=30,114,0,55
1648311194559,120,user_info_2,200,OK,number_users_50 1-11,text,true,,389,805,9,9,http://162.55.220.72:5005/user_info_2,120,0,57
1648311194555,131,object_info_2,200,OK,number_users_50 1-7,text,true,,389,166,9,9,http://162.55.220.72:5005/object_info_2?name=Maru&age=30&salary=10000,131,0,62
1648311194566,127,object_info_3,200,OK,number_users_50 1-6,text,true,,333,166,9,9,http://162.55.220.72:5005/object_info_3?name=Maru&age=30&salary=10000,126,0,60
1648311194582,116,object_info_4,200,OK,number_users_50 1-5,text,true,,204,166,9,9,http://162.55.220.72:5005/object_info_4?name=Maru&age=30&salary=10000,116,0,56
1648311194574,127,user_info_3,200,OK,number_users_50 1-10,text,true,,263,760,8,8,http://162.55.220.72:5005/user_info_3,127,0,61
1648311194627,114,object_info_2,200,OK,number_users_50 1-8,text,true,,389,166,8,8,http://162.55.220.72:5005/object_info_2?name=Maru&age=30&salary=10000,114,0,56
1648311194635,115,object_info_1,200,OK,number_users_50 1-9,text,true,,209,164,9,9,http://162.55.220.72:5005/object_info_1?name=Maru&age=30&weight=120,115,0,57
1648311194647,113,get_method,200,OK,number_users_50 1-13,text,true,,160,150,9,9,http://162.55.220.72:5005/get_method?name=Maru&age=30,113,0,55
1648311194661,134,user_info_2,200,OK,number_users_50 1-12,text,true,,389,805,9,9,http://162.55.220.72:5005/user_info_2,134,0,62
1648311194679,119,user_info_3,200,OK,number_users_50 1-11,text,true,,263,805,9,9,http://162.55.220.72:5005/user_info_3,119,0,56
1648311194687,113,object_info_3,200,OK,number_users_50 1-7,text,true,,333,166,9,9,http://162.55.220.72:5005/object_info_3?name=Maru&age=30&salary=10000,113,0,55
1648311194701,117,object_info_1,200,OK,number_users_50 1-10,text,true,,209,164,9,9,http://162.55.220.72:5005/object_info_1?name=Maru&age=30&weight=120,117,0,55
1648311194693,133,object_info_4,200,OK,number_users_50 1-6,text,true,,204,166,9,9,http://162.55.220.72:5005/object_info_4?name=Maru&age=30&salary=10000,133,0,63
1648311194741,125,object_info_3,200,OK,number_users_50 1-8,text,true,,333,166,9,9,http://162.55.220.72:5005/object_info_3?name=Maru&age=30&salary=10000,125,0,60
1648311194750,125,object_info_2,200,OK,number_users_50 1-9,text,true,,389,166,9,9,http://162.55.220.72:5005/object_info_2?name=Maru&age=30&salary=10000,124,0,61
1648311194749,140,get_method,200,OK,number_users_50 1-14,text,true,,160,150,9,9,http://162.55.220.72:5005/get_method?name=Maru&age=30,140,0,69
1648311194760,132,user_info_2,200,OK,number_users_50 1-13,text,true,,389,775,9,9,http://162.55.220.72:5005/user_info_2,132,0,64
1648311194798,110,object_info_1,200,OK,number_users_50 1-11,text,true,,209,164,9,9,http://162.55.220.72:5005/object_info_1?name=Maru&age=30&weight=120,110,0,54
1648311194795,132,user_info_3,200,OK,number_users_50 1-12,text,true,,263,795,9,9,http://162.55.220.72:5005/user_info_3,132,0,65
1648311194800,129,object_info_4,200,OK,number_users_50 1-7,text,true,,204,166,9,9,http://162.55.220.72:5005/object_info_4?name=Maru&age=30&salary=10000,129,0,63
1648311194818,112,object_info_2,200,OK,number_users_50 1-10,text,true,,389,166,8,8,http://162.55.220.72:5005/object_info_2?name=Maru&age=30&salary=10000,112,0,55
1648311194848,113,get_method,200,OK,number_users_50 1-15,text,true,,160,150,9,9,http://162.55.220.72:5005/get_method?name=Maru&age=30,113,0,55
1648311194866,113,object_info_4,200,OK,number_users_50 1-8,text,true,,204,166,9,9,http://162.55.220.72:5005/object_info_4?name=Maru&age=30&salary=10000,113,0,56
1648311194875,125,object_info_3,200,OK,number_users_50 1-9,text,true,,333,166,8,8,http://162.55.220.72:5005/object_info_3?name=Maru&age=30&salary=10000,124,0,60
1648311194889,118,user_info_2,200,OK,number_users_50 1-14,text,true,,389,760,8,8,http://162.55.220.72:5005/user_info_2,118,0,57
1648311194893,125,user_info_3,200,OK,number_users_50 1-13,text,true,,263,760,8,8,http://162.55.220.72:5005/user_info_3,125,0,60
1648311194909,123,object_info_2,200,OK,number_users_50 1-11,text,true,,389,166,8,8,http://162.55.220.72:5005/object_info_2?name=Maru&age=30&salary=10000,123,0,60
1648311194927,114,object_info_1,200,OK,number_users_50 1-12,text,true,,209,164,8,8,http://162.55.220.72:5005/object_info_1?name=Maru&age=30&weight=120,114,0,55
1648311194930,116,object_info_3,200,OK,number_users_50 1-10,text,true,,333,166,8,8,http://162.55.220.72:5005/object_info_3?name=Maru&age=30&salary=10000,115,0,56
1648311194947,113,get_method,200,OK,number_users_50 1-16,text,true,,160,150,9,9,http://162.55.220.72:5005/get_method?name=Maru&age=30,113,0,55
1648311194961,118,user_info_2,200,OK,number_users_50 1-15,text,true,,389,780,9,9,http://162.55.220.72:5005/user_info_2,117,0,56
1648311195000,114,object_info_4,200,OK,number_users_50 1-9,text,true,,204,166,9,9,http://162.55.220.72:5005/object_info_4?name=Maru&age=30&salary=10000,113,0,55
1648311195007,117,user_info_3,200,OK,number_users_50 1-14,text,true,,263,770,8,8,http://162.55.220.72:5005/user_info_3,117,0,55
1648311195018,114,object_info_1,200,OK,number_users_50 1-13,text,true,,209,164,8,8,http://162.55.220.72:5005/object_info_1?name=Maru&age=30&weight=120,114,0,55
1648311195032,114,object_info_3,200,OK,number_users_50 1-11,text,true,,333,166,8,8,http://162.55.220.72:5005/object_info_3?name=Maru&age=30&salary=10000,114,0,56
1648311195048,116,get_method,200,OK,number_users_50 1-17,text,true,,160,150,9,9,http://162.55.220.72:5005/get_method?name=Maru&age=30,116,0,55
1648311195041,129,object_info_2,200,OK,number_users_50 1-12,text,true,,389,166,9,9,http://162.55.220.72:5005/object_info_2?name=Maru&age=30&salary=10000,129,0,65
1648311195046,141,object_info_4,200,OK,number_users_50 1-10,text,true,,204,166,9,9,http://162.55.220.72:5005/object_info_4?name=Maru&age=30&salary=10000,141,0,69
1648311195061,128,user_info_2,200,OK,number_users_50 1-16,text,true,,389,805,8,8,http://162.55.220.72:5005/user_info_2,128,0,60
1648311195079,116,user_info_3,200,OK,number_users_50 1-15,text,true,,263,780,8,8,http://162.55.220.72:5005/user_info_3,116,0,55
1648311195125,124,object_info_1,200,OK,number_users_50 1-14,text,true,,209,164,9,9,http://162.55.220.72:5005/object_info_1?name=Maru&age=30&weight=120,124,0,61
1648311195132,144,object_info_2,200,OK,number_users_50 1-13,text,true,,389,166,9,9,http://162.55.220.72:5005/object_info_2?name=Maru&age=30&salary=10000,144,0,72
1648311195148,130,get_method,200,OK,number_users_50 1-18,text,true,,160,150,9,9,http://162.55.220.72:5005/get_method?name=Maru&age=30,130,0,64
1648311195146,132,object_info_4,200,OK,number_users_50 1-11,text,true,,204,166,9,9,http://162.55.220.72:5005/object_info_4?name=Maru&age=30&salary=10000,132,0,64
1648311195189,114,user_info_3,200,OK,number_users_50 1-16,text,true,,263,795,8,8,http://162.55.220.72:5005/user_info_3,113,0,55
1648311195170,137,object_info_3,200,OK,number_users_50 1-12,text,true,,333,166,8,8,http://162.55.220.72:5005/object_info_3?name=Maru&age=30&salary=10000,137,0,64
1648311195196,112,object_info_1,200,OK,number_users_50 1-15,text,true,,209,164,8,8,http://162.55.220.72:5005/object_info_1?name=Maru&age=30&weight=120,112,0,55
1648311195165,146,user_info_2,200,OK,number_users_50 1-17,text,true,,389,805,8,8,http://162.55.220.72:5005/user_info_2,145,0,70
1648311195247,112,get_method,200,OK,number_users_50 1-19,text,true,,160,150,9,9,http://162.55.220.72:5005/get_method?name=Maru&age=30,112,0,55
1648311195276,111,object_info_3,200,OK,number_users_50 1-13,text,true,,333,166,9,9,http://162.55.220.72:5005/object_info_3?name=Maru&age=30&salary=10000,111,0,55
1648311195249,140,object_info_2,200,OK,number_users_50 1-14,text,true,,389,166,9,9,http://162.55.220.72:5005/object_info_2?name=Maru&age=30&salary=10000,140,0,69
1648311195279,113,user_info_2,200,OK,number_users_50 1-18,text,true,,389,785,9,9,http://162.55.220.72:5005/user_info_2,113,0,55
1648311195307,123,object_info_4,200,OK,number_users_50 1-12,text,true,,204,166,9,9,http://162.55.220.72:5005/object_info_4?name=Maru&age=30&salary=10000,123,0,61
1648311195309,128,object_info_2,200,OK,number_users_50 1-15,text,true,,389,166,8,8,http://162.55.220.72:5005/object_info_2?name=Maru&age=30&salary=10000,128,0,59
1648311195311,127,user_info_3,200,OK,number_users_50 1-17,text,true,,263,810,8,8,http://162.55.220.72:5005/user_info_3,127,0,60
1648311195303,145,object_info_1,200,OK,number_users_50 1-16,text,true,,209,164,9,9,http://162.55.220.72:5005/object_info_1?name=Maru&age=30&weight=120,145,0,72
1648311195360,126,user_info_2,200,OK,number_users_50 1-19,text,true,,389,765,9,9,http://162.55.220.72:5005/user_info_2,126,0,60
1648311195347,143,get_method,200,OK,number_users_50 1-20,text,true,,160,150,9,9,http://162.55.220.72:5005/get_method?name=Maru&age=30,143,0,70
1648311195393,126,user_info_3,200,OK,number_users_50 1-18,text,true,,263,800,9,9,http://162.55.220.72:5005/user_info_3,126,0,55
1648311195388,136,object_info_4,200,OK,number_users_50 1-13,text,true,,204,166,9,9,http://162.55.220.72:5005/object_info_4?name=Maru&age=30&salary=10000,136,0,60
1648311195389,135,object_info_3,200,OK,number_users_50 1-14,text,true,,333,166,9,9,http://162.55.220.72:5005/object_info_3?name=Maru&age=30&salary=10000,135,0,61
1648311195438,115,object_info_3,200,OK,number_users_50 1-15,text,true,,333,166,9,9,http://162.55.220.72:5005/object_info_3?name=Maru&age=30&salary=10000,115,0,55
1648311195438,118,object_info_1,200,OK,number_users_50 1-17,text,true,,209,164,9,9,http://162.55.220.72:5005/object_info_1?name=Maru&age=30&weight=120,118,0,55
1648311195448,112,get_method,200,OK,number_users_50 1-21,text,true,,160,150,9,9,http://162.55.220.72:5005/get_method?name=Maru&age=30,112,0,55
1648311195449,113,object_info_2,200,OK,number_users_50 1-16,text,true,,389,166,9,9,http://162.55.220.72:5005/object_info_2?name=Maru&age=30&salary=10000,113,0,55
1648311195490,131,user_info_2,200,OK,number_users_50 1-20,text,true,,389,785,9,9,http://162.55.220.72:5005/user_info_2,131,0,60
1648311195487,137,user_info_3,200,OK,number_users_50 1-19,text,true,,263,765,9,9,http://162.55.220.72:5005/user_info_3,136,0,63
1648311195519,114,object_info_1,200,OK,number_users_50 1-18,text,true,,209,164,9,9,http://162.55.220.72:5005/object_info_1?name=Maru&age=30&weight=120,113,0,56
1648311195526,139,object_info_4,200,OK,number_users_50 1-14,text,true,,204,166,10,10,http://162.55.220.72:5005/object_info_4?name=Maru&age=30&salary=10000,139,0,68
1648311195548,124,get_method,200,OK,number_users_50 1-22,text,true,,160,150,9,9,http://162.55.220.72:5005/get_method?name=Maru&age=30,124,0,61
1648311195557,119,object_info_2,200,OK,number_users_50 1-17,text,true,,389,166,9,9,http://162.55.220.72:5005/object_info_2?name=Maru&age=30&salary=10000,119,0,57
1648311195563,117,object_info_3,200,OK,number_users_50 1-16,text,true,,333,166,9,9,http://162.55.220.72:5005/object_info_3?name=Maru&age=30&salary=10000,117,0,57
1648311195553,132,object_info_4,200,OK,number_users_50 1-15,text,true,,204,166,9,9,http://162.55.220.72:5005/object_info_4?name=Maru&age=30&salary=10000,132,0,61
1648311195561,145,user_info_2,200,OK,number_users_50 1-21,text,true,,389,810,8,8,http://162.55.220.72:5005/user_info_2,145,0,68
1648311195633,122,object_info_2,200,OK,number_users_50 1-18,text,true,,389,166,9,9,http://162.55.220.72:5005/object_info_2?name=Maru&age=30&salary=10000,122,0,55
1648311195627,132,user_info_3,200,OK,number_users_50 1-20,text,true,,263,760,9,9,http://162.55.220.72:5005/user_info_3,132,0,61
1648311195627,137,object_info_1,200,OK,number_users_50 1-19,text,true,,209,164,9,9,http://162.55.220.72:5005/object_info_1?name=Maru&age=30&weight=120,137,0,64
1648311195647,125,get_method,200,OK,number_users_50 1-23,text,true,,160,150,9,9,http://162.55.220.72:5005/get_method?name=Maru&age=30,125,0,61
1648311195672,121,user_info_2,200,OK,number_users_50 1-22,text,true,,389,780,9,9,http://162.55.220.72:5005/user_info_2,121,0,56
1648311195677,119,object_info_3,200,OK,number_users_50 1-17,text,true,,333,166,9,9,http://162.55.220.72:5005/object_info_3?name=Maru&age=30&salary=10000,119,0,55
1648311195680,119,object_info_4,200,OK,number_users_50 1-16,text,true,,204,166,9,9,http://162.55.220.72:5005/object_info_4?name=Maru&age=30&salary=10000,119,0,55
1648311195707,115,user_info_3,200,OK,number_users_50 1-21,text,true,,263,765,8,8,http://162.55.220.72:5005/user_info_3,115,0,56
1648311195764,118,object_info_2,200,OK,number_users_50 1-19,text,true,,389,166,9,9,http://162.55.220.72:5005/object_info_2?name=Maru&age=30&salary=10000,118,0,56
1648311195772,114,user_info_2,200,OK,number_users_50 1-23,text,true,,389,780,9,9,http://162.55.220.72:5005/user_info_2,114,0,55
1648311195756,134,object_info_3,200,OK,number_users_50 1-18,text,true,,333,166,9,9,http://162.55.220.72:5005/object_info_3?name=Maru&age=30&salary=10000,134,0,63
1648311195748,142,get_method,200,OK,number_users_50 1-24,text,true,,160,150,9,9,http://162.55.220.72:5005/get_method?name=Maru&age=30,142,0,71
1648311195759,142,object_info_1,200,OK,number_users_50 1-20,text,true,,209,164,9,9,http://162.55.220.72:5005/object_info_1?name=Maru&age=30&weight=120,142,0,69
1648311195796,114,object_info_4,200,OK,number_users_50 1-17,text,true,,204,166,9,9,http://162.55.220.72:5005/object_info_4?name=Maru&age=30&salary=10000,114,0,55
1648311195793,132,user_info_3,200,OK,number_users_50 1-22,text,true,,263,795,8,8,http://162.55.220.72:5005/user_info_3,132,0,64
1648311195822,124,object_info_1,200,OK,number_users_50 1-21,text,true,,209,164,8,8,http://162.55.220.72:5005/object_info_1?name=Maru&age=30&weight=120,124,0,60
1648311195848,114,get_method,200,OK,number_users_50 1-25,text,true,,160,150,9,9,http://162.55.220.72:5005/get_method?name=Maru&age=30,114,0,55
1648311195883,124,object_info_3,200,OK,number_users_50 1-19,text,true,,333,166,9,9,http://162.55.220.72:5005/object_info_3?name=Maru&age=30&salary=10000,124,0,60
1648311195890,119,user_info_2,200,OK,number_users_50 1-24,text,true,,389,760,9,9,http://162.55.220.72:5005/user_info_2,118,0,56
1648311195890,129,object_info_4,200,OK,number_users_50 1-18,text,true,,204,166,9,9,http://162.55.220.72:5005/object_info_4?name=Maru&age=30&salary=10000,129,0,54
1648311195901,123,object_info_2,200,OK,number_users_50 1-20,text,true,,389,166,8,8,http://162.55.220.72:5005/object_info_2?name=Maru&age=30&salary=10000,122,0,55
1648311195886,147,user_info_3,200,OK,number_users_50 1-23,text,true,,263,780,8,8,http://162.55.220.72:5005/user_info_3,147,0,69
1648311195926,127,object_info_1,200,OK,number_users_50 1-22,text,true,,209,164,9,9,http://162.55.220.72:5005/object_info_1?name=Maru&age=30&weight=120,126,0,62
1648311195946,113,object_info_2,200,OK,number_users_50 1-21,text,true,,389,166,9,9,http://162.55.220.72:5005/object_info_2?name=Maru&age=30&salary=10000,113,0,55
1648311195947,114,get_method,200,OK,number_users_50 1-26,text,true,,160,150,9,9,http://162.55.220.72:5005/get_method?name=Maru&age=30,114,0,54
1648311195962,114,user_info_2,200,OK,number_users_50 1-25,text,true,,389,760,9,9,http://162.55.220.72:5005/user_info_2,114,0,55
1648311196009,118,user_info_3,200,OK,number_users_50 1-24,text,true,,263,795,9,9,http://162.55.220.72:5005/user_info_3,118,0,55
1648311196007,119,object_info_4,200,OK,number_users_50 1-19,text,true,,204,166,9,9,http://162.55.220.72:5005/object_info_4?name=Maru&age=30&salary=10000,119,0,57
1648311196024,113,object_info_3,200,OK,number_users_50 1-20,text,true,,333,166,8,8,http://162.55.220.72:5005/object_info_3?name=Maru&age=30&salary=10000,113,0,55
1648311196033,126,object_info_1,200,OK,number_users_50 1-23,text,true,,209,164,9,9,http://162.55.220.72:5005/object_info_1?name=Maru&age=30&weight=120,126,0,61
1648311196048,116,get_method,200,OK,number_users_50 1-27,text,true,,160,150,9,9,http://162.55.220.72:5005/get_method?name=Maru&age=30,116,0,55
1648311196059,125,object_info_3,200,OK,number_users_50 1-21,text,true,,333,166,9,9,http://162.55.220.72:5005/object_info_3?name=Maru&age=30&salary=10000,125,0,55
1648311196053,135,object_info_2,200,OK,number_users_50 1-22,text,true,,389,166,9,9,http://162.55.220.72:5005/object_info_2?name=Maru&age=30&salary=10000,134,0,60
1648311196076,120,user_info_3,200,OK,number_users_50 1-25,text,true,,263,790,9,9,http://162.55.220.72:5005/user_info_3,120,0,55
1648311196062,142,user_info_2,200,OK,number_users_50 1-26,text,true,,389,800,9,9,http://162.55.220.72:5005/user_info_2,142,0,68
1648311196128,111,object_info_1,200,OK,number_users_50 1-24,text,true,,209,164,9,9,http://162.55.220.72:5005/object_info_1?name=Maru&age=30&weight=120,111,0,54
1648311196138,124,object_info_4,200,OK,number_users_50 1-20,text,true,,204,166,10,10,http://162.55.220.72:5005/object_info_4?name=Maru&age=30&salary=10000,124,0,61
1648311196159,114,object_info_2,200,OK,number_users_50 1-23,text,true,,389,166,9,9,http://162.55.220.72:5005/object_info_2?name=Maru&age=30&salary=10000,114,0,56
1648311196147,129,get_method,200,OK,number_users_50 1-28,text,true,,160,150,9,9,http://162.55.220.72:5005/get_method?name=Maru&age=30,129,0,63
1648311196164,113,user_info_2,200,OK,number_users_50 1-27,text,true,,389,805,9,9,http://162.55.220.72:5005/user_info_2,113,0,55
1648311196184,117,object_info_4,200,OK,number_users_50 1-21,text,true,,204,166,9,9,http://162.55.220.72:5005/object_info_4?name=Maru&age=30&salary=10000,117,0,55
1648311196188,113,object_info_3,200,OK,number_users_50 1-22,text,true,,333,166,9,9,http://162.55.220.72:5005/object_info_3?name=Maru&age=30&salary=10000,113,0,54
1648311196205,134,user_info_3,200,OK,number_users_50 1-26,text,true,,263,800,8,8,http://162.55.220.72:5005/user_info_3,134,0,60
1648311196197,150,object_info_1,200,OK,number_users_50 1-25,text,true,,209,164,9,9,http://162.55.220.72:5005/object_info_1?name=Maru&age=30&weight=120,150,0,68
1648311196247,114,get_method,200,OK,number_users_50 1-29,text,true,,160,150,9,9,http://162.55.220.72:5005/get_method?name=Maru&age=30,114,0,56
1648311196240,123,object_info_2,200,OK,number_users_50 1-24,text,true,,389,166,9,9,http://162.55.220.72:5005/object_info_2?name=Maru&age=30&salary=10000,123,0,60
1648311196273,117,object_info_3,200,OK,number_users_50 1-23,text,true,,333,166,9,9,http://162.55.220.72:5005/object_info_3?name=Maru&age=30&salary=10000,116,0,58
1648311196278,135,user_info_3,200,OK,number_users_50 1-27,text,true,,263,765,9,9,http://162.55.220.72:5005/user_info_3,135,0,60
1648311196277,139,user_info_2,200,OK,number_users_50 1-28,text,true,,389,790,9,9,http://162.55.220.72:5005/user_info_2,139,0,63
1648311196302,132,object_info_4,200,OK,number_users_50 1-22,text,true,,204,166,9,9,http://162.55.220.72:5005/object_info_4?name=Maru&age=30&salary=10000,131,0,62
1648311196339,114,object_info_1,200,OK,number_users_50 1-26,text,true,,209,164,9,9,http://162.55.220.72:5005/object_info_1?name=Maru&age=30&weight=120,114,0,56
1648311196347,113,object_info_2,200,OK,number_users_50 1-25,text,true,,389,166,9,9,http://162.55.220.72:5005/object_info_2?name=Maru&age=30&salary=10000,113,0,55
1648311196348,122,get_method,200,OK,number_users_50 1-30,text,true,,160,150,9,9,http://162.55.220.72:5005/get_method?name=Maru&age=30,122,0,60
1648311196361,116,user_info_2,200,OK,number_users_50 1-29,text,true,,389,785,9,9,http://162.55.220.72:5005/user_info_2,116,0,56
1648311196363,116,object_info_3,200,OK,number_users_50 1-24,text,true,,333,166,9,9,http://162.55.220.72:5005/object_info_3?name=Maru&age=30&salary=10000,116,0,55
1648311196390,128,object_info_4,200,OK,number_users_50 1-23,text,true,,204,166,9,9,http://162.55.220.72:5005/object_info_4?name=Maru&age=30&salary=10000,128,0,62
1648311196414,112,object_info_1,200,OK,number_users_50 1-27,text,true,,209,164,8,8,http://162.55.220.72:5005/object_info_1?name=Maru&age=30&weight=120,112,0,55
1648311196416,133,user_info_3,200,OK,number_users_50 1-28,text,true,,263,760,9,9,http://162.55.220.72:5005/user_info_3,133,0,65
1648311196453,114,object_info_2,200,OK,number_users_50 1-26,text,true,,389,166,9,9,http://162.55.220.72:5005/object_info_2?name=Maru&age=30&salary=10000,113,0,56
1648311196460,116,object_info_3,200,OK,number_users_50 1-25,text,true,,333,166,9,9,http://162.55.220.72:5005/object_info_3?name=Maru&age=30&salary=10000,116,0,55
1648311196447,142,get_method,200,OK,number_users_50 1-31,text,true,,160,150,9,9,http://162.55.220.72:5005/get_method?name=Maru&age=30,142,0,69
1648311196479,117,object_info_4,200,OK,number_users_50 1-24,text,true,,204,166,9,9,http://162.55.220.72:5005/object_info_4?name=Maru&age=30&salary=10000,117,0,56
1648311196470,128,user_info_2,200,OK,number_users_50 1-30,text,true,,389,765,8,8,http://162.55.220.72:5005/user_info_2,128,0,62
1648311196477,125,user_info_3,200,OK,number_users_50 1-29,text,true,,263,780,8,8,http://162.55.220.72:5005/user_info_3,125,0,58
1648311196527,115,object_info_2,200,OK,number_users_50 1-27,text,true,,389,166,8,8,http://162.55.220.72:5005/object_info_2?name=Maru&age=30&salary=10000,115,0,56
1648311196549,112,object_info_1,200,OK,number_users_50 1-28,text,true,,209,164,9,9,http://162.55.220.72:5005/object_info_1?name=Maru&age=30&weight=120,112,0,55
1648311196547,124,get_method,200,OK,number_users_50 1-32,text,true,,160,150,9,9,http://162.55.220.72:5005/get_method?name=Maru&age=30,124,0,61
1648311196567,123,object_info_3,200,OK,number_users_50 1-26,text,true,,333,166,9,9,http://162.55.220.72:5005/object_info_3?name=Maru&age=30&salary=10000,123,0,60
1648311196576,124,object_info_4,200,OK,number_users_50 1-25,text,true,,204,166,9,9,http://162.55.220.72:5005/object_info_4?name=Maru&age=30&salary=10000,124,0,62
1648311196598,116,user_info_3,200,OK,number_users_50 1-30,text,true,,263,780,8,8,http://162.55.220.72:5005/user_info_3,116,0,56
1648311196589,126,user_info_2,200,OK,number_users_50 1-31,text,true,,389,810,8,8,http://162.55.220.72:5005/user_info_2,126,0,62
1648311196602,124,object_info_1,200,OK,number_users_50 1-29,text,true,,209,164,8,8,http://162.55.220.72:5005/object_info_1?name=Maru&age=30&weight=120,124,0,61
1648311196642,113,object_info_3,200,OK,number_users_50 1-27,text,true,,333,166,9,9,http://162.55.220.72:5005/object_info_3?name=Maru&age=30&salary=10000,113,0,55
1648311196647,129,get_method,200,OK,number_users_50 1-33,text,true,,160,150,9,9,http://162.55.220.72:5005/get_method?name=Maru&age=30,129,0,64
1648311196671,119,user_info_2,200,OK,number_users_50 1-32,text,true,,389,765,9,9,http://162.55.220.72:5005/user_info_2,119,0,56
1648311196661,129,object_info_2,200,OK,number_users_50 1-28,text,true,,389,166,9,9,http://162.55.220.72:5005/object_info_2?name=Maru&age=30&salary=10000,129,0,63
1648311196690,115,object_info_4,200,OK,number_users_50 1-26,text,true,,204,166,9,9,http://162.55.220.72:5005/object_info_4?name=Maru&age=30&salary=10000,114,0,55
1648311196715,118,object_info_1,200,OK,number_users_50 1-30,text,true,,209,164,8,8,http://162.55.220.72:5005/object_info_1?name=Maru&age=30&weight=120,118,0,55
1648311196716,117,user_info_3,200,OK,number_users_50 1-31,text,true,,263,790,8,8,http://162.55.220.72:5005/user_info_3,117,0,55
1648311196726,129,object_info_2,200,OK,number_users_50 1-29,text,true,,389,166,9,9,http://162.55.220.72:5005/object_info_2?name=Maru&age=30&salary=10000,129,0,64
1648311196756,114,object_info_4,200,OK,number_users_50 1-27,text,true,,204,166,9,9,http://162.55.220.72:5005/object_info_4?name=Maru&age=30&salary=10000,114,0,54
1648311196748,130,get_method,200,OK,number_users_50 1-34,text,true,,160,150,8,8,http://162.55.220.72:5005/get_method?name=Maru&age=30,130,0,64
1648311196790,119,object_info_3,200,OK,number_users_50 1-28,text,true,,333,166,8,8,http://162.55.220.72:5005/object_info_3?name=Maru&age=30&salary=10000,118,0,56
1648311196790,123,user_info_3,200,OK,number_users_50 1-32,text,true,,263,805,8,8,http://162.55.220.72:5005/user_info_3,123,0,56
1648311196778,149,user_info_2,200,OK,number_users_50 1-33,text,true,,389,800,8,8,http://162.55.220.72:5005/user_info_2,148,0,69
1648311196833,115,object_info_1,200,OK,number_users_50 1-31,text,true,,209,164,9,9,http://162.55.220.72:5005/object_info_1?name=Maru&age=30&weight=120,115,0,55
1648311196833,115,object_info_2,200,OK,number_users_50 1-30,text,true,,389,166,9,9,http://162.55.220.72:5005/object_info_2?name=Maru&age=30&salary=10000,115,0,55
1648311196848,112,get_method,200,OK,number_users_50 1-35,text,true,,160,150,9,9,http://162.55.220.72:5005/get_method?name=Maru&age=30,112,0,55
1648311196856,123,object_info_3,200,OK,number_users_50 1-29,text,true,,333,166,9,9,http://162.55.220.72:5005/object_info_3?name=Maru&age=30&salary=10000,123,0,61
1648311196879,126,user_info_2,200,OK,number_users_50 1-34,text,true,,389,765,9,9,http://162.55.220.72:5005/user_info_2,126,0,61
1648311196909,113,object_info_4,200,OK,number_users_50 1-28,text,true,,204,166,9,9,http://162.55.220.72:5005/object_info_4?name=Maru&age=30&salary=10000,113,0,56
1648311196913,130,object_info_1,200,OK,number_users_50 1-32,text,true,,209,164,8,8,http://162.55.220.72:5005/object_info_1?name=Maru&age=30&weight=120,130,0,64
1648311196927,121,user_info_3,200,OK,number_users_50 1-33,text,true,,263,790,8,8,http://162.55.220.72:5005/user_info_3,121,0,55
1648311196946,115,get_method,200,OK,number_users_50 1-36,text,true,,160,150,9,9,http://162.55.220.72:5005/get_method?name=Maru&age=30,115,0,56
1648311196948,114,object_info_2,200,OK,number_users_50 1-31,text,true,,389,166,9,9,http://162.55.220.72:5005/object_info_2?name=Maru&age=30&salary=10000,114,0,55
1648311196948,129,object_info_3,200,OK,number_users_50 1-30,text,true,,333,166,9,9,http://162.55.220.72:5005/object_info_3?name=Maru&age=30&salary=10000,129,0,64
1648311196960,132,user_info_2,200,OK,number_users_50 1-35,text,true,,389,795,9,9,http://162.55.220.72:5005/user_info_2,132,0,63
1648311196980,122,object_info_4,200,OK,number_users_50 1-29,text,true,,204,166,9,9,http://162.55.220.72:5005/object_info_4?name=Maru&age=30&salary=10000,122,0,59
1648311197006,118,user_info_3,200,OK,number_users_50 1-34,text,true,,263,795,8,8,http://162.55.220.72:5005/user_info_3,118,0,55
1648311197049,114,get_method,200,OK,number_users_50 1-37,text,true,,160,150,9,9,http://162.55.220.72:5005/get_method?name=Maru&age=30,114,0,55
1648311197043,132,object_info_2,200,OK,number_users_50 1-32,text,true,,389,166,9,9,http://162.55.220.72:5005/object_info_2?name=Maru&age=30&salary=10000,132,0,64
1648311197062,114,object_info_3,200,OK,number_users_50 1-31,text,true,,333,166,9,9,http://162.55.220.72:5005/object_info_3?name=Maru&age=30&salary=10000,114,0,54
1648311197048,129,object_info_1,200,OK,number_users_50 1-33,text,true,,209,164,9,9,http://162.55.220.72:5005/object_info_1?name=Maru&age=30&weight=120,128,0,61
1648311197061,128,user_info_2,200,OK,number_users_50 1-36,text,true,,389,770,9,9,http://162.55.220.72:5005/user_info_2,128,0,61
1648311197077,123,object_info_4,200,OK,number_users_50 1-30,text,true,,204,166,9,9,http://162.55.220.72:5005/object_info_4?name=Maru&age=30&salary=10000,122,0,60
1648311197092,134,user_info_3,200,OK,number_users_50 1-35,text,true,,263,810,8,8,http://162.55.220.72:5005/user_info_3,133,0,63
1648311197128,114,object_info_1,200,OK,number_users_50 1-34,text,true,,209,164,8,8,http://162.55.220.72:5005/object_info_1?name=Maru&age=30&weight=120,114,0,55
1648311197149,124,get_method,200,OK,number_users_50 1-38,text,true,,160,150,9,9,http://162.55.220.72:5005/get_method?name=Maru&age=30,124,0,60
1648311197175,116,object_info_3,200,OK,number_users_50 1-32,text,true,,333,166,9,9,http://162.55.220.72:5005/object_info_3?name=Maru&age=30&salary=10000,116,0,56
1648311197177,116,object_info_2,200,OK,number_users_50 1-33,text,true,,389,166,9,9,http://162.55.220.72:5005/object_info_2?name=Maru&age=30&salary=10000,116,0,56
1648311197163,138,user_info_2,200,OK,number_users_50 1-37,text,true,,389,765,9,9,http://162.55.220.72:5005/user_info_2,138,0,64
1648311197176,129,object_info_4,200,OK,number_users_50 1-31,text,true,,204,166,9,9,http://162.55.220.72:5005/object_info_4?name=Maru&age=30&salary=10000,128,0,63
1648311197189,117,user_info_3,200,OK,number_users_50 1-36,text,true,,263,770,8,8,http://162.55.220.72:5005/user_info_3,117,0,56
1648311197226,129,object_info_1,200,OK,number_users_50 1-35,text,true,,209,164,9,9,http://162.55.220.72:5005/object_info_1?name=Maru&age=30&weight=120,129,0,63
1648311197243,129,object_info_2,200,OK,number_users_50 1-34,text,true,,389,166,9,9,http://162.55.220.72:5005/object_info_2?name=Maru&age=30&salary=10000,129,0,62
1648311197248,128,get_method,200,OK,number_users_50 1-39,text,true,,160,150,9,9,http://162.55.220.72:5005/get_method?name=Maru&age=30,128,0,64
1648311197273,130,user_info_2,200,OK,number_users_50 1-38,text,true,,389,760,9,9,http://162.55.220.72:5005/user_info_2,130,0,62
1648311197293,114,object_info_3,200,OK,number_users_50 1-33,text,true,,333,166,9,9,http://162.55.220.72:5005/object_info_3?name=Maru&age=30&salary=10000,114,0,56
1648311197307,124,object_info_1,200,OK,number_users_50 1-36,text,true,,209,164,9,9,http://162.55.220.72:5005/object_info_1?name=Maru&age=30&weight=120,124,0,55
1648311197301,135,user_info_3,200,OK,number_users_50 1-37,text,true,,263,810,9,9,http://162.55.220.72:5005/user_info_3,135,0,61
1648311197291,146,object_info_4,200,OK,number_users_50 1-32,text,true,,204,166,9,9,http://162.55.220.72:5005/object_info_4?name=Maru&age=30&salary=10000,146,0,69
1648311197348,129,get_method,200,OK,number_users_50 1-40,text,true,,160,150,9,9,http://162.55.220.72:5005/get_method?name=Maru&age=30,129,0,64
1648311197373,113,object_info_3,200,OK,number_users_50 1-34,text,true,,333,166,9,9,http://162.55.220.72:5005/object_info_3?name=Maru&age=30&salary=10000,113,0,55
1648311197356,141,object_info_2,200,OK,number_users_50 1-35,text,true,,389,166,9,9,http://162.55.220.72:5005/object_info_2?name=Maru&age=30&salary=10000,140,0,69
1648311197376,128,user_info_2,200,OK,number_users_50 1-39,text,true,,389,795,9,9,http://162.55.220.72:5005/user_info_2,128,0,61
1648311197408,113,object_info_4,200,OK,number_users_50 1-33,text,true,,204,166,9,9,http://162.55.220.72:5005/object_info_4?name=Maru&age=30&salary=10000,113,0,55
1648311197404,134,user_info_3,200,OK,number_users_50 1-38,text,true,,263,785,8,8,http://162.55.220.72:5005/user_info_3,134,0,64
1648311197447,113,get_method,200,OK,number_users_50 1-41,text,true,,160,150,9,9,http://162.55.220.72:5005/get_method?name=Maru&age=30,113,0,56
1648311197437,125,object_info_1,200,OK,number_users_50 1-37,text,true,,209,164,9,9,http://162.55.220.72:5005/object_info_1?name=Maru&age=30&weight=120,125,0,60
1648311197431,146,object_info_2,200,OK,number_users_50 1-36,text,true,,389,166,9,9,http://162.55.220.72:5005/object_info_2?name=Maru&age=30&salary=10000,146,0,80
1648311197477,119,user_info_2,200,OK,number_users_50 1-40,text,true,,389,765,9,9,http://162.55.220.72:5005/user_info_2,119,0,55
1648311197486,114,object_info_4,200,OK,number_users_50 1-34,text,true,,204,166,9,9,http://162.55.220.72:5005/object_info_4?name=Maru&age=30&salary=10000,114,0,56
1648311197497,127,object_info_3,200,OK,number_users_50 1-35,text,true,,333,166,8,8,http://162.55.220.72:5005/object_info_3?name=Maru&age=30&salary=10000,127,0,62
1648311197505,120,user_info_3,200,OK,number_users_50 1-39,text,true,,263,765,8,8,http://162.55.220.72:5005/user_info_3,120,0,55
1648311197538,114,object_info_1,200,OK,number_users_50 1-38,text,true,,209,164,9,9,http://162.55.220.72:5005/object_info_1?name=Maru&age=30&weight=120,113,0,55
1648311197547,127,get_method,200,OK,number_users_50 1-42,text,true,,160,150,9,9,http://162.55.220.72:5005/get_method?name=Maru&age=30,127,0,63
1648311197561,119,user_info_2,200,OK,number_users_50 1-41,text,true,,389,760,9,9,http://162.55.220.72:5005/user_info_2,118,0,57
1648311197577,124,object_info_3,200,OK,number_users_50 1-36,text,true,,333,166,9,9,http://162.55.220.72:5005/object_info_3?name=Maru&age=30&salary=10000,124,0,61
1648311197563,141,object_info_2,200,OK,number_users_50 1-37,text,true,,389,166,9,9,http://162.55.220.72:5005/object_info_2?name=Maru&age=30&salary=10000,140,0,69
1648311197597,138,user_info_3,200,OK,number_users_50 1-40,text,true,,263,790,9,9,http://162.55.220.72:5005/user_info_3,138,0,65
1648311197628,113,object_info_1,200,OK,number_users_50 1-39,text,true,,209,164,9,9,http://162.55.220.72:5005/object_info_1?name=Maru&age=30&weight=120,113,0,55
1648311197628,141,object_info_4,200,OK,number_users_50 1-35,text,true,,204,166,10,10,http://162.55.220.72:5005/object_info_4?name=Maru&age=30&salary=10000,141,0,69
1648311197652,125,object_info_2,200,OK,number_users_50 1-38,text,true,,389,166,9,9,http://162.55.220.72:5005/object_info_2?name=Maru&age=30&salary=10000,125,0,61
1648311197646,141,get_method,200,OK,number_users_50 1-43,text,true,,160,150,9,9,http://162.55.220.72:5005/get_method?name=Maru&age=30,141,0,69
1648311197680,136,user_info_3,200,OK,number_users_50 1-41,text,true,,263,810,9,9,http://162.55.220.72:5005/user_info_3,136,0,64
1648311197701,116,object_info_4,200,OK,number_users_50 1-36,text,true,,204,166,9,9,http://162.55.220.72:5005/object_info_4?name=Maru&age=30&salary=10000,116,0,55
1648311197704,113,object_info_3,200,OK,number_users_50 1-37,text,true,,333,166,9,9,http://162.55.220.72:5005/object_info_3?name=Maru&age=30&salary=10000,113,0,54
1648311197674,146,user_info_2,200,OK,number_users_50 1-42,text,true,,389,785,8,8,http://162.55.220.72:5005/user_info_2,146,0,69
1648311197735,113,object_info_1,200,OK,number_users_50 1-40,text,true,,209,164,9,9,http://162.55.220.72:5005/object_info_1?name=Maru&age=30&weight=120,112,0,55
1648311197746,113,get_method,200,OK,number_users_50 1-44,text,true,,160,150,9,9,http://162.55.220.72:5005/get_method?name=Maru&age=30,113,0,55
1648311197742,139,object_info_2,200,OK,number_users_50 1-39,text,true,,389,166,9,9,http://162.55.220.72:5005/object_info_2?name=Maru&age=30&salary=10000,139,0,68
1648311197788,118,user_info_2,200,OK,number_users_50 1-43,text,true,,389,805,9,9,http://162.55.220.72:5005/user_info_2,118,0,55
1648311197777,132,object_info_3,200,OK,number_users_50 1-38,text,true,,333,166,9,9,http://162.55.220.72:5005/object_info_3?name=Maru&age=30&salary=10000,131,0,63
1648311197821,125,user_info_3,200,OK,number_users_50 1-42,text,true,,263,780,9,9,http://162.55.220.72:5005/user_info_3,125,0,55
1648311197818,138,object_info_4,200,OK,number_users_50 1-37,text,true,,204,166,10,10,http://162.55.220.72:5005/object_info_4?name=Maru&age=30&salary=10000,138,0,64
1648311197848,112,get_method,200,OK,number_users_50 1-45,text,true,,160,150,9,9,http://162.55.220.72:5005/get_method?name=Maru&age=30,112,0,54
1648311197817,144,object_info_1,200,OK,number_users_50 1-41,text,true,,209,164,9,9,http://162.55.220.72:5005/object_info_1?name=Maru&age=30&weight=120,144,0,69
1648311197859,127,user_info_2,200,OK,number_users_50 1-44,text,true,,389,795,9,9,http://162.55.220.72:5005/user_info_2,127,0,61
1648311197848,140,object_info_2,200,OK,number_users_50 1-40,text,true,,389,166,9,9,http://162.55.220.72:5005/object_info_2?name=Maru&age=30&salary=10000,140,0,68
1648311197881,125,object_info_3,200,OK,number_users_50 1-39,text,true,,333,166,9,9,http://162.55.220.72:5005/object_info_3?name=Maru&age=30&salary=10000,125,0,61
1648311197909,113,object_info_4,200,OK,number_users_50 1-38,text,true,,204,166,9,9,http://162.55.220.72:5005/object_info_4?name=Maru&age=30&salary=10000,113,0,56
1648311197906,133,user_info_3,200,OK,number_users_50 1-43,text,true,,263,790,8,8,http://162.55.220.72:5005/user_info_3,132,0,63
1648311197948,134,get_method,200,OK,number_users_50 1-46,text,true,,160,150,9,9,http://162.55.220.72:5005/get_method?name=Maru&age=30,134,0,63
1648311197946,142,object_info_1,200,OK,number_users_50 1-42,text,true,,209,164,9,9,http://162.55.220.72:5005/object_info_1?name=Maru&age=30&weight=120,142,0,69
1648311197961,130,user_info_2,200,OK,number_users_50 1-45,text,true,,389,810,9,9,http://162.55.220.72:5005/user_info_2,130,0,61
1648311197962,133,object_info_2,200,OK,number_users_50 1-41,text,true,,389,166,9,9,http://162.55.220.72:5005/object_info_2?name=Maru&age=30&salary=10000,133,0,63
1648311197988,114,object_info_3,200,OK,number_users_50 1-40,text,true,,333,166,9,9,http://162.55.220.72:5005/object_info_3?name=Maru&age=30&salary=10000,113,0,56
1648311198007,114,object_info_4,200,OK,number_users_50 1-39,text,true,,204,166,9,9,http://162.55.220.72:5005/object_info_4?name=Maru&age=30&salary=10000,114,0,57
1648311197986,144,user_info_3,200,OK,number_users_50 1-44,text,true,,263,810,8,8,http://162.55.220.72:5005/user_info_3,144,0,68
1648311198039,111,object_info_1,200,OK,number_users_50 1-43,text,true,,209,164,9,9,http://162.55.220.72:5005/object_info_1?name=Maru&age=30&weight=120,111,0,54
1648311198047,112,get_method,200,OK,number_users_50 1-47,text,true,,160,150,9,9,http://162.55.220.72:5005/get_method?name=Maru&age=30,112,0,55
1648311198088,121,object_info_2,200,OK,number_users_50 1-42,text,true,,389,166,9,9,http://162.55.220.72:5005/object_info_2?name=Maru&age=30&salary=10000,121,0,55
1648311198091,119,user_info_3,200,OK,number_users_50 1-45,text,true,,263,790,9,9,http://162.55.220.72:5005/user_info_3,118,0,55
1648311198096,118,object_info_3,200,OK,number_users_50 1-41,text,true,,333,166,9,9,http://162.55.220.72:5005/object_info_3?name=Maru&age=30&salary=10000,118,0,54
1648311198083,131,user_info_2,200,OK,number_users_50 1-46,text,true,,389,790,9,9,http://162.55.220.72:5005/user_info_2,131,0,63
1648311198102,112,object_info_4,200,OK,number_users_50 1-40,text,true,,204,166,9,9,http://162.55.220.72:5005/object_info_4?name=Maru&age=30&salary=10000,112,0,55
1648311198130,130,object_info_1,200,OK,number_users_50 1-44,text,true,,209,164,9,9,http://162.55.220.72:5005/object_info_1?name=Maru&age=30&weight=120,130,0,63
1648311198150,115,object_info_2,200,OK,number_users_50 1-43,text,true,,389,166,9,9,http://162.55.220.72:5005/object_info_2?name=Maru&age=30&salary=10000,115,0,55
1648311198159,118,user_info_2,200,OK,number_users_50 1-47,text,true,,389,810,9,9,http://162.55.220.72:5005/user_info_2,118,0,55
1648311198147,130,get_method,200,OK,number_users_50 1-48,text,true,,160,150,9,9,http://162.55.220.72:5005/get_method?name=Maru&age=30,130,0,63
1648311198209,114,object_info_3,200,OK,number_users_50 1-42,text,true,,333,166,9,9,http://162.55.220.72:5005/object_info_3?name=Maru&age=30&salary=10000,114,0,55
1648311198214,119,user_info_3,200,OK,number_users_50 1-46,text,true,,263,805,9,9,http://162.55.220.72:5005/user_info_3,119,0,58
1648311198210,136,object_info_1,200,OK,number_users_50 1-45,text,true,,209,164,10,10,http://162.55.220.72:5005/object_info_1?name=Maru&age=30&weight=120,136,0,67
1648311198214,143,object_info_4,200,OK,number_users_50 1-41,text,true,,204,166,10,10,http://162.55.220.72:5005/object_info_4?name=Maru&age=30&salary=10000,143,0,70
1648311198246,113,get_method,200,OK,number_users_50 1-49,text,true,,160,150,9,9,http://162.55.220.72:5005/get_method?name=Maru&age=30,113,0,55
1648311198260,114,object_info_2,200,OK,number_users_50 1-44,text,true,,389,166,9,9,http://162.55.220.72:5005/object_info_2?name=Maru&age=30&salary=10000,113,0,55
1648311198265,125,object_info_3,200,OK,number_users_50 1-43,text,true,,333,166,9,9,http://162.55.220.72:5005/object_info_3?name=Maru&age=30&salary=10000,125,0,61
1648311198277,119,user_info_2,200,OK,number_users_50 1-48,text,true,,389,770,9,9,http://162.55.220.72:5005/user_info_2,119,0,55
1648311198277,137,user_info_3,200,OK,number_users_50 1-47,text,true,,263,765,9,9,http://162.55.220.72:5005/user_info_3,137,0,55
1648311198323,112,object_info_4,200,OK,number_users_50 1-42,text,true,,204,166,9,9,http://162.55.220.72:5005/object_info_4?name=Maru&age=30&salary=10000,112,0,55
1648311198334,115,object_info_1,200,OK,number_users_50 1-46,text,true,,209,164,8,8,http://162.55.220.72:5005/object_info_1?name=Maru&age=30&weight=120,115,0,56
1648311198347,113,get_method,200,OK,number_users_50 1-50,text,true,,160,150,8,8,http://162.55.220.72:5005/get_method?name=Maru&age=30,113,0,56
1648311198360,126,user_info_2,200,OK,number_users_50 1-49,text,true,,389,760,8,8,http://162.55.220.72:5005/user_info_2,126,0,66
1648311198374,115,object_info_3,200,OK,number_users_50 1-44,text,true,,333,166,8,8,http://162.55.220.72:5005/object_info_3?name=Maru&age=30&salary=10000,115,0,55
1648311198347,149,object_info_2,200,OK,number_users_50 1-45,text,true,,389,166,8,8,http://162.55.220.72:5005/object_info_2?name=Maru&age=30&salary=10000,140,0,69
1648311198414,113,object_info_1,200,OK,number_users_50 1-47,text,true,,209,164,8,8,http://162.55.220.72:5005/object_info_1?name=Maru&age=30&weight=120,113,0,55
1648311198396,133,user_info_3,200,OK,number_users_50 1-48,text,true,,263,810,8,8,http://162.55.220.72:5005/user_info_3,133,0,63
1648311198391,149,object_info_4,200,OK,number_users_50 1-43,text,true,,204,166,8,8,http://162.55.220.72:5005/object_info_4?name=Maru&age=30&salary=10000,149,0,68
1648311198460,124,user_info_2,200,OK,number_users_50 1-50,text,true,,389,760,7,7,http://162.55.220.72:5005/user_info_2,124,0,56
1648311198449,139,object_info_2,200,OK,number_users_50 1-46,text,true,,389,166,7,7,http://162.55.220.72:5005/object_info_2?name=Maru&age=30&salary=10000,139,0,64
1648311198487,116,user_info_3,200,OK,number_users_50 1-49,text,true,,263,775,7,7,http://162.55.220.72:5005/user_info_3,116,0,54
1648311198489,115,object_info_4,200,OK,number_users_50 1-44,text,true,,204,166,7,7,http://162.55.220.72:5005/object_info_4?name=Maru&age=30&salary=10000,115,0,54
1648311198496,111,object_info_3,200,OK,number_users_50 1-45,text,true,,333,166,6,6,http://162.55.220.72:5005/object_info_3?name=Maru&age=30&salary=10000,111,0,55
1648311198529,129,object_info_1,200,OK,number_users_50 1-48,text,true,,209,164,6,6,http://162.55.220.72:5005/object_info_1?name=Maru&age=30&weight=120,129,0,61
1648311198527,131,object_info_2,200,OK,number_users_50 1-47,text,true,,389,166,6,6,http://162.55.220.72:5005/object_info_2?name=Maru&age=30&salary=10000,131,0,62
1648311198584,115,user_info_3,200,OK,number_users_50 1-50,text,true,,263,780,6,6,http://162.55.220.72:5005/user_info_3,115,0,55
1648311198589,115,object_info_3,200,OK,number_users_50 1-46,text,true,,333,166,6,6,http://162.55.220.72:5005/object_info_3?name=Maru&age=30&salary=10000,115,0,56
1648311198603,116,object_info_1,200,OK,number_users_50 1-49,text,true,,209,164,6,6,http://162.55.220.72:5005/object_info_1?name=Maru&age=30&weight=120,116,0,55
1648311198608,115,object_info_4,200,OK,number_users_50 1-45,text,true,,204,166,6,6,http://162.55.220.72:5005/object_info_4?name=Maru&age=30&salary=10000,115,0,54
1648311198659,117,object_info_3,200,OK,number_users_50 1-47,text,true,,333,166,5,5,http://162.55.220.72:5005/object_info_3?name=Maru&age=30&salary=10000,116,0,55
1648311198659,130,object_info_2,200,OK,number_users_50 1-48,text,true,,389,166,5,5,http://162.55.220.72:5005/object_info_2?name=Maru&age=30&salary=10000,130,0,63
1648311198699,115,object_info_1,200,OK,number_users_50 1-50,text,true,,209,164,5,5,http://162.55.220.72:5005/object_info_1?name=Maru&age=30&weight=120,114,0,55
1648311198704,128,object_info_4,200,OK,number_users_50 1-46,text,true,,204,166,5,5,http://162.55.220.72:5005/object_info_4?name=Maru&age=30&salary=10000,127,0,61
1648311198719,115,object_info_2,200,OK,number_users_50 1-49,text,true,,389,166,4,4,http://162.55.220.72:5005/object_info_2?name=Maru&age=30&salary=10000,115,0,55
1648311198776,135,object_info_4,200,OK,number_users_50 1-47,text,true,,204,166,4,4,http://162.55.220.72:5005/object_info_4?name=Maru&age=30&salary=10000,135,0,65
1648311198789,130,object_info_3,200,OK,number_users_50 1-48,text,true,,333,166,3,3,http://162.55.220.72:5005/object_info_3?name=Maru&age=30&salary=10000,130,0,64
1648311198814,125,object_info_2,200,OK,number_users_50 1-50,text,true,,389,166,3,3,http://162.55.220.72:5005/object_info_2?name=Maru&age=30&salary=10000,124,0,61
1648311198834,114,object_info_3,200,OK,number_users_50 1-49,text,true,,333,166,3,3,http://162.55.220.72:5005/object_info_3?name=Maru&age=30&salary=10000,114,0,57
1648311198919,125,object_info_4,200,OK,number_users_50 1-48,text,true,,204,166,3,3,http://162.55.220.72:5005/object_info_4?name=Maru&age=30&salary=10000,125,0,62
1648311198939,112,object_info_3,200,OK,number_users_50 1-50,text,true,,333,166,2,2,http://162.55.220.72:5005/object_info_3?name=Maru&age=30&salary=10000,111,0,55
1648311198949,141,object_info_4,200,OK,number_users_50 1-49,text,true,,204,166,2,2,http://162.55.220.72:5005/object_info_4?name=Maru&age=30&salary=10000,141,0,68
1648311199051,113,object_info_4,200,OK,number_users_50 1-50,text,true,,204,166,1,1,http://162.55.220.72:5005/object_info_4?name=Maru&age=30&salary=10000,113,0,55
